{"count":1,"self":4816.4503552,"total":37653.2987469,"children":{"InitializeActuators":{"count":24,"self":0.0035803999999999996,"total":0.0035803999999999996,"children":null},"InitializeSensors":{"count":24,"self":0.0070592,"total":0.0070592,"children":null},"AgentSendState":{"count":2085367,"self":848.59161599999993,"total":1261.7127114,"children":{"CollectObservations":{"count":10009776,"self":39.5561216,"total":39.556120799999995,"children":null},"WriteActionMask":{"count":10009776,"self":6.3301684,"total":6.3301684,"children":null},"RequestDecision":{"count":10009776,"self":60.2985024,"total":367.2347956,"children":{"AgentInfo.ToProto":{"count":10009776,"self":41.504304,"total":306.9362918,"children":{"GenerateSensorData":{"count":10009776,"self":235.965952,"total":265.4319875,"children":{"RayPerceptionSensor.Perceive":{"count":20019552,"self":29.4660288,"total":29.4660293,"children":null}}}}}}}}},"DecideAction":{"count":2085367,"self":31486.538547199998,"total":31486.539512,"children":null},"AgentAct":{"count":2085367,"self":88.0116032,"total":88.011602299999993,"children":null},"AgentInfo.ToProto":{"count":10909,"self":0.1552362,"total":0.5713794,"children":{"GenerateSensorData":{"count":10909,"self":0.34791839999999996,"total":0.4161432,"children":{"RayPerceptionSensor.Perceive":{"count":21818,"self":0.0682248,"total":0.0682248,"children":null}}}}}},"gauges":{"KartAgentBCGAILCuriosity.CumulativeReward":{"count":10909,"max":0.199166819,"min":-3.23136735,"runningAverage":-0.7780029,"value":-1.45499778,"weightedAverage":-1.28144193}},"metadata":{"timer_format_version":"0.1.0","start_time_seconds":"1698682247","unity_version":"2022.3.1f1","command_line_arguments":"C:\/Program Files\/Unity 2022.3.1f1\/Editor\/Unity.exe -projectpath C:\\Users\\DELL\\Desktop\\AI-Racing-Karts - Imitation -useHub -hubIPC -cloudEnvironment production -licensingIpc LicenseClient-DELL -hubSessionId 2c639d63-542c-4e46-9c44-4518c58b7474 -accessToken 8_HopK6Jyzvdwtolsa76E1WtER2n0c_Bj_J4GvlfTrs00cf","communication_protocol_version":"1.5.0","com.unity.ml-agents_version":"2.0.1","scene_name":"SampleScene","end_time_seconds":"1698719899"}}