{"count":1,"self":8914.751488,"total":39465.6998824,"children":{"InitializeActuators":{"count":24,"self":0.0035359999999999996,"total":0.0035359999999999996,"children":null},"InitializeSensors":{"count":24,"self":0.0035507,"total":0.0035507,"children":null},"AgentSendState":{"count":4167701,"self":1569.5548416,"total":2247.6862576,"children":{"CollectObservations":{"count":20004984,"self":72.2726528,"total":72.272651299999993,"children":null},"WriteActionMask":{"count":20004984,"self":11.1622968,"total":11.1622971,"children":null},"RequestDecision":{"count":20004984,"self":94.053088,"total":594.6964515,"children":{"AgentInfo.ToProto":{"count":20004984,"self":67.7567552,"total":500.6433641,"children":{"GenerateSensorData":{"count":20004984,"self":376.0333568,"total":432.8866102,"children":{"RayPerceptionSensor.Perceive":{"count":40009968,"self":56.8532544,"total":56.853255999999995,"children":null}}}}}}}}},"DecideAction":{"count":4167701,"self":28136.341504,"total":28136.3405451,"children":null},"AgentAct":{"count":4167701,"self":162.61676799999998,"total":162.6167672,"children":null},"AgentInfo.ToProto":{"count":80151,"self":1.0406108,"total":4.2977878999999994,"children":{"GenerateSensorData":{"count":80151,"self":2.7893399999999997,"total":3.2571771,"children":{"RayPerceptionSensor.Perceive":{"count":160302,"self":0.46783719999999995,"total":0.46783719999999995,"children":null}}}}}},"gauges":{"KartAgent.CumulativeReward":{"count":80151,"max":0.80816716,"min":-3.74015021,"runningAverage":0.61851424,"value":0.787166834,"weightedAverage":0.716763735}},"metadata":{"timer_format_version":"0.1.0","start_time_seconds":"1698515449","unity_version":"2022.3.1f1","command_line_arguments":"C:\/Program Files\/Unity 2022.3.1f1\/Editor\/Unity.exe -projectpath C:\\Users\\DELL\\Desktop\\AI-Racing-Karts -useHub -hubIPC -cloudEnvironment production -licensingIpc LicenseClient-DELL -hubSessionId 0e4e25fd-09f0-4a9a-9475-3c9d732ea47c -accessToken L_FFZz--ttF5T3QG6WcECXhXk7Oq0iG7J6I_fnoABkU00cf","communication_protocol_version":"1.5.0","com.unity.ml-agents_version":"2.0.1","scene_name":"SampleScene","end_time_seconds":"1698554915"}}